epoch,time,train/box_loss,train/cls_loss,train/dfl_loss,metrics/precision(B),metrics/recall(B),metrics/mAP50(B),metrics/mAP50-95(B),val/box_loss,val/cls_loss,val/dfl_loss,lr/pg0,lr/pg1,lr/pg2
1,682.138,0.69449,0.58747,0.94397,0.93414,0.86133,0.9493,0.81095,0.84776,0.80028,1.06008,0.000540649,0.000540649,0.000540649
2,4128.43,0.70823,0.58148,0.94891,0.914,0.83062,0.91024,0.7676,0.95397,1.02717,1.13748,0.00107461,0.00107461,0.00107461
3,4835.91,0.72162,0.56974,0.95351,0.93339,0.82596,0.91589,0.75692,0.97155,0.92434,1.10539,0.00158656,0.00158656,0.00158656
