{
    "occupied_count": 2,
    "vacant_count": 3,
    "total_spots": 5,
    "occupancy_rate": 40.0,
    "occupied_spots": [
        {
            "confidence": 0.8493413329124451,
            "box": [
                454.3630065917969,
                283.4184875488281,
                688.3536376953125,
                495.6702880859375
            ]
        },
        {
            "confidence": 0.417106956243515,
            "box": [
                180.0370330810547,
                30.346555709838867,
                550.6006469726562,
                331.5500793457031
            ]
        }
    ],
    "vacant_spots": [
        {
            "confidence": 0.5008192658424377,
            "box": [
                339.7877502441406,
                204.62193298339844,
                401.9322204589844,
                261.841064453125
            ]
        },
        {
            "confidence": 0.372834712266922,
            "box": [
                201.53872680664062,
                305.0292663574219,
                486.8310241699219,
                392.96588134765625
            ]
        },
        {
            "confidence": 0.3726736605167389,
            "box": [
                553.2122192382812,
                26.738462448120117,
                699.71875,
                423.5367736816406
            ]
        }
    ]
}