{
    "occupied_count": 0,
    "vacant_count": 1,
    "total_spots": 1,
    "occupancy_rate": 0.0,
    "occupied_spots": [],
    "vacant_spots": [
        {
            "confidence": 0.6909990906715393,
            "box": [
                181.6328582763672,
                126.79354858398438,
                456.2123107910156,
                339.0955505371094
            ]
        }
    ]
}